<?xml version="1.0" encoding="UTF-8" ?>
<!DOCTYPE mapper PUBLIC "-//mybatis.org//DTD Mapper 3.0//EN" "http://mybatis.org/dtd/mybatis-3-mapper.dtd" >
<mapper namespace="com.tangxue.mapper.TomCategoryMapper" >
  <resultMap id="BaseResultMap" type="com.tangxue.entity.TomCategory" >
    <id column="id" property="id" jdbcType="INTEGER" />
    <result column="cname" property="cname" jdbcType="VARCHAR" />
  </resultMap>
  <sql id="Base_Column_List" >
    id, cname
  </sql>
  <select id="selectByPrimaryKey" resultMap="BaseResultMap" parameterType="java.lang.Integer" >
    select 
    <include refid="Base_Column_List" />
    from t_category
    where id = #{id,jdbcType=INTEGER}
  </select>
  <delete id="deleteByPrimaryKey" parameterType="java.lang.Integer" >
    delete from t_category
    where id = #{id,jdbcType=INTEGER}
  </delete>
  <insert id="insert" parameterType="com.tangxue.entity.TomCategory" >
    insert into t_category (id, cname)
    values (#{id,jdbcType=INTEGER}, #{cname,jdbcType=VARCHAR})
  </insert>
  <insert id="insertSelective" parameterType="com.tangxue.entity.TomCategory" >
    insert into t_category
    <trim prefix="(" suffix=")" suffixOverrides="," >
      <if test="id != null" >
        id,
      </if>
      <if test="cname != null" >
        cname,
      </if>
    </trim>
    <trim prefix="values (" suffix=")" suffixOverrides="," >
      <if test="id != null" >
        #{id,jdbcType=INTEGER},
      </if>
      <if test="cname != null" >
        #{cname,jdbcType=VARCHAR},
      </if>
    </trim>
  </insert>
  <update id="updateByPrimaryKeySelective" parameterType="com.tangxue.entity.TomCategory" >
    update t_category
    <set >
      <if test="cname != null" >
        cname = #{cname,jdbcType=VARCHAR},
      </if>
    </set>
    where id = #{id,jdbcType=INTEGER}
  </update>
  <update id="updateByPrimaryKey" parameterType="com.tangxue.entity.TomCategory" >
    update t_category
    set cname = #{cname,jdbcType=VARCHAR}
    where id = #{id,jdbcType=INTEGER}
  </update>
</mapper>