<?xml version="1.0" encoding="UTF-8" ?>
<!DOCTYPE mapper PUBLIC "-//mybatis.org//DTD Mapper 3.0//EN" "http://mybatis.org/dtd/mybatis-3-mapper.dtd" >
<mapper namespace="com.tangxue.mapper.TomClaimuserMapper" >
  <resultMap id="BaseResultMap" type="com.tangxue.entity.TomClaimuser" >
    <id column="id" property="id" jdbcType="INTEGER" />
    <result column="email" property="email" jdbcType="VARCHAR" />
    <result column="tel" property="tel" jdbcType="VARCHAR" />
    <result column="username" property="username" jdbcType="VARCHAR" />
  </resultMap>
  <sql id="Base_Column_List" >
    id, email, tel, username
  </sql>
  <select id="selectByPrimaryKey" resultMap="BaseResultMap" parameterType="java.lang.Integer" >
    select 
    <include refid="Base_Column_List" />
    from t_claimuser
    where id = #{id,jdbcType=INTEGER}
  </select>
  <delete id="deleteByPrimaryKey" parameterType="java.lang.Integer" >
    delete from t_claimuser
    where id = #{id,jdbcType=INTEGER}
  </delete>
  <insert id="insert" parameterType="com.tangxue.entity.TomClaimuser" >
    insert into t_claimuser (id, email, tel, 
      username)
    values (#{id,jdbcType=INTEGER}, #{email,jdbcType=VARCHAR}, #{tel,jdbcType=VARCHAR}, 
      #{username,jdbcType=VARCHAR})
  </insert>
  <insert id="insertSelective" parameterType="com.tangxue.entity.TomClaimuser" >
    insert into t_claimuser
    <trim prefix="(" suffix=")" suffixOverrides="," >
      <if test="id != null" >
        id,
      </if>
      <if test="email != null" >
        email,
      </if>
      <if test="tel != null" >
        tel,
      </if>
      <if test="username != null" >
        username,
      </if>
    </trim>
    <trim prefix="values (" suffix=")" suffixOverrides="," >
      <if test="id != null" >
        #{id,jdbcType=INTEGER},
      </if>
      <if test="email != null" >
        #{email,jdbcType=VARCHAR},
      </if>
      <if test="tel != null" >
        #{tel,jdbcType=VARCHAR},
      </if>
      <if test="username != null" >
        #{username,jdbcType=VARCHAR},
      </if>
    </trim>
  </insert>
  <update id="updateByPrimaryKeySelective" parameterType="com.tangxue.entity.TomClaimuser" >
    update t_claimuser
    <set >
      <if test="email != null" >
        email = #{email,jdbcType=VARCHAR},
      </if>
      <if test="tel != null" >
        tel = #{tel,jdbcType=VARCHAR},
      </if>
      <if test="username != null" >
        username = #{username,jdbcType=VARCHAR},
      </if>
    </set>
    where id = #{id,jdbcType=INTEGER}
  </update>
  <update id="updateByPrimaryKey" parameterType="com.tangxue.entity.TomClaimuser" >
    update t_claimuser
    set email = #{email,jdbcType=VARCHAR},
      tel = #{tel,jdbcType=VARCHAR},
      username = #{username,jdbcType=VARCHAR}
    where id = #{id,jdbcType=INTEGER}
  </update>
  
  <!-- 捡到者 -->
  <select id="selectGoodsClaimuserByGid" parameterType="map" resultMap="BaseResultMap">
  	select * from t_claimuser a
  	 LEFT JOIN t_goods b on b.claimuid=a.id 
  	 where b.id = #{gid,jdbcType=INTEGER}
  </select>  
  
  <!-- 获取领取者信息 -->
  <select id="selectClaimUserByCondition" parameterType="map" resultMap="BaseResultMap">
  	 	select * from t_claimuser a
  	 		where 1=1
  	 	 <if test="username!= null and username !=''">
            and username = #{username,jdbcType=VARCHAR}
         </if>
         <if test="email!= null and email !=''">
            and email = #{email,jdbcType=VARCHAR}
         </if>
          <if test="tel!= null and tel !=''">
            and tel = #{tel,jdbcType=VARCHAR}
         </if>
  </select>
  
</mapper>