<?xml version="1.0" encoding="UTF-8" ?>
<!DOCTYPE mapper PUBLIC "-//mybatis.org//DTD Mapper 3.0//EN" "http://mybatis.org/dtd/mybatis-3-mapper.dtd" >
<mapper namespace="com.tangxue.mapper.TomGoodsMapper" >
  <resultMap id="BaseResultMap" type="com.tangxue.entity.TomGoods" >
    <id column="id" property="id" jdbcType="INTEGER" />
    <result column="address" property="address" jdbcType="VARCHAR" />
    <result column="crearetime" property="crearetime" jdbcType="TIMESTAMP" />
    <result column="happentime" property="happentime" jdbcType="TIMESTAMP" />
    <result column="info" property="info" jdbcType="VARCHAR" />
    <result column="mobile" property="mobile" jdbcType="VARCHAR" />
    <result column="name" property="name" jdbcType="VARCHAR" />
    <result column="qq" property="qq" jdbcType="VARCHAR" />
    <result column="remark" property="remark" jdbcType="VARCHAR" />
    <result column="result" property="result" jdbcType="VARCHAR" />
    <result column="state" property="state" jdbcType="INTEGER" />
    <result column="title" property="title" jdbcType="VARCHAR" />
    <result column="typename" property="typename" jdbcType="VARCHAR" />
    <result column="cid" property="cid" jdbcType="INTEGER" />
    <result column="claimuid" property="claimuid" jdbcType="INTEGER" />
    <result column="uid" property="uid" jdbcType="INTEGER" />
  </resultMap>
  <sql id="Base_Column_List" >
    id, address, crearetime, happentime, info, mobile, name, qq, remark, result, state, 
    title, typename, cid, claimuid, uid
  </sql>
  <select id="selectByPrimaryKey" resultMap="BaseResultMap" parameterType="java.lang.Integer" >
    select 
    <include refid="Base_Column_List" />
    from t_goods
    where id = #{id,jdbcType=INTEGER}
  </select>
  <delete id="deleteByPrimaryKey" parameterType="java.lang.Integer" >
    delete from t_goods
    where id = #{id,jdbcType=INTEGER}
  </delete>
  <insert id="insert" parameterType="com.tangxue.entity.TomGoods" >
    insert into t_goods (id, address, crearetime, 
      happentime, info, mobile, 
      name, qq, remark, result, 
      state, title, typename, 
      cid, claimuid, uid)
    values (#{id,jdbcType=INTEGER}, #{address,jdbcType=VARCHAR}, #{crearetime,jdbcType=TIMESTAMP}, 
      #{happentime,jdbcType=TIMESTAMP}, #{info,jdbcType=VARCHAR}, #{mobile,jdbcType=VARCHAR}, 
      #{name,jdbcType=VARCHAR}, #{qq,jdbcType=VARCHAR}, #{remark,jdbcType=VARCHAR}, #{result,jdbcType=VARCHAR}, 
      #{state,jdbcType=INTEGER}, #{title,jdbcType=VARCHAR}, #{typename,jdbcType=VARCHAR}, 
      #{cid,jdbcType=INTEGER}, #{claimuid,jdbcType=INTEGER}, #{uid,jdbcType=INTEGER})
  </insert>
  <insert id="insertSelective" parameterType="com.tangxue.entity.TomGoods" >
    insert into t_goods
    <trim prefix="(" suffix=")" suffixOverrides="," >
      <if test="id != null" >
        id,
      </if>
      <if test="address != null" >
        address,
      </if>
      <if test="crearetime != null" >
        crearetime,
      </if>
      <if test="happentime != null" >
        happentime,
      </if>
      <if test="info != null" >
        info,
      </if>
      <if test="mobile != null" >
        mobile,
      </if>
      <if test="name != null" >
        name,
      </if>
      <if test="qq != null" >
        qq,
      </if>
      <if test="remark != null" >
        remark,
      </if>
      <if test="result != null" >
        result,
      </if>
      <if test="state != null" >
        state,
      </if>
      <if test="title != null" >
        title,
      </if>
      <if test="typename != null" >
        typename,
      </if>
      <if test="cid != null" >
        cid,
      </if>
      <if test="claimuid != null" >
        claimuid,
      </if>
      <if test="uid != null" >
        uid,
      </if>
    </trim>
    <trim prefix="values (" suffix=")" suffixOverrides="," >
      <if test="id != null" >
        #{id,jdbcType=INTEGER},
      </if>
      <if test="address != null" >
        #{address,jdbcType=VARCHAR},
      </if>
      <if test="crearetime != null" >
        #{crearetime,jdbcType=TIMESTAMP},
      </if>
      <if test="happentime != null" >
        #{happentime,jdbcType=TIMESTAMP},
      </if>
      <if test="info != null" >
        #{info,jdbcType=VARCHAR},
      </if>
      <if test="mobile != null" >
        #{mobile,jdbcType=VARCHAR},
      </if>
      <if test="name != null" >
        #{name,jdbcType=VARCHAR},
      </if>
      <if test="qq != null" >
        #{qq,jdbcType=VARCHAR},
      </if>
      <if test="remark != null" >
        #{remark,jdbcType=VARCHAR},
      </if>
      <if test="result != null" >
        #{result,jdbcType=VARCHAR},
      </if>
      <if test="state != null" >
        #{state,jdbcType=INTEGER},
      </if>
      <if test="title != null" >
        #{title,jdbcType=VARCHAR},
      </if>
      <if test="typename != null" >
        #{typename,jdbcType=VARCHAR},
      </if>
      <if test="cid != null" >
        #{cid,jdbcType=INTEGER},
      </if>
      <if test="claimuid != null" >
        #{claimuid,jdbcType=INTEGER},
      </if>
      <if test="uid != null" >
        #{uid,jdbcType=INTEGER},
      </if>
    </trim>
  </insert>
  <update id="updateByPrimaryKeySelective" parameterType="com.tangxue.entity.TomGoods" >
    update t_goods
    <set >
      <if test="address != null" >
        address = #{address,jdbcType=VARCHAR},
      </if>
      <if test="crearetime != null" >
        crearetime = #{crearetime,jdbcType=TIMESTAMP},
      </if>
      <if test="happentime != null" >
        happentime = #{happentime,jdbcType=TIMESTAMP},
      </if>
      <if test="info != null" >
        info = #{info,jdbcType=VARCHAR},
      </if>
      <if test="mobile != null" >
        mobile = #{mobile,jdbcType=VARCHAR},
      </if>
      <if test="name != null" >
        name = #{name,jdbcType=VARCHAR},
      </if>
      <if test="qq != null" >
        qq = #{qq,jdbcType=VARCHAR},
      </if>
      <if test="remark != null" >
        remark = #{remark,jdbcType=VARCHAR},
      </if>
      <if test="result != null" >
        result = #{result,jdbcType=VARCHAR},
      </if>
      <if test="state != null" >
        state = #{state,jdbcType=INTEGER},
      </if>
      <if test="title != null" >
        title = #{title,jdbcType=VARCHAR},
      </if>
      <if test="typename != null" >
        typename = #{typename,jdbcType=VARCHAR},
      </if>
      <if test="cid != null" >
        cid = #{cid,jdbcType=INTEGER},
      </if>
      <if test="claimuid != null" >
        claimuid = #{claimuid,jdbcType=INTEGER},
      </if>
      <if test="uid != null" >
        uid = #{uid,jdbcType=INTEGER},
      </if>
    </set>
    where id = #{id,jdbcType=INTEGER}
  </update>
  <update id="updateByPrimaryKey" parameterType="com.tangxue.entity.TomGoods" >
    update t_goods
    set address = #{address,jdbcType=VARCHAR},
      crearetime = #{crearetime,jdbcType=TIMESTAMP},
      happentime = #{happentime,jdbcType=TIMESTAMP},
      info = #{info,jdbcType=VARCHAR},
      mobile = #{mobile,jdbcType=VARCHAR},
      name = #{name,jdbcType=VARCHAR},
      qq = #{qq,jdbcType=VARCHAR},
      remark = #{remark,jdbcType=VARCHAR},
      result = #{result,jdbcType=VARCHAR},
      state = #{state,jdbcType=INTEGER},
      title = #{title,jdbcType=VARCHAR},
      typename = #{typename,jdbcType=VARCHAR},
      cid = #{cid,jdbcType=INTEGER},
      claimuid = #{claimuid,jdbcType=INTEGER},
      uid = #{uid,jdbcType=INTEGER}
    where id = #{id,jdbcType=INTEGER}
  </update>
  
  
  <!-- 查看丢失-->
  <select id="getUserLostList" resultType="com.tangxue.dto.TomGoodsDto">
    select * from t_goods a LEFT JOIN t_category b on b.id=a.cid
    where
        a.typename='lost' 
    and a.state=0 
    order by
        a.id desc
  </select>
  
  <!-- 查看招领 -->
  <select id="getUserFindList" resultType="com.tangxue.dto.TomGoodsDto">
    
   select * from t_goods a LEFT JOIN t_category b on b.id=a.cid
    where
        a.typename='find' 
    and a.state=0 
    order by
        a.id desc
  </select>
  
  <!--浏览寻物贴 -->
  <select id="getBrowsePublishLostList"  resultType="com.tangxue.dto.TomGoodsDto">
   select * from t_goods a LEFT JOIN t_category b on b.id=a.cid
    where
        a.typename='lost' 
    and a.state=0 
    order by
        a.id desc
  </select>

   <!--查看招领贴-->
  <select id="getBrowsePublishFindList"  resultType="com.tangxue.dto.TomGoodsDto">
   select * from t_goods a LEFT JOIN t_category b on b.id=a.cid
    where
        a.typename='find' 
    and a.state=0 
    order by
        a.id desc
  </select>
  
  <!-- 成功案例 -->
  <select id="getSucessEventList" resultType="com.tangxue.dto.TomGoodsDto">
   select * from t_goods a LEFT JOIN t_category b on b.id=a.cid
    where
       a.state='1'
    order by
        a.id desc
  </select>
  
  <!-- 获取物品信息 -->
  <select id="selectGoodsInfoById" resultType="com.tangxue.dto.TomGoodsDto" parameterType="map">
  	select * from t_goods a 
  	LEFT JOIN t_user b on b.id=a.uid 
  	LEFT JOIN t_category c on c.id=a.cid
    where a.id = #{id,jdbcType=INTEGER}
  </select>
  
  <!-- 全局搜索 -->
  <select id="globalSearchList" parameterType="map" resultType="com.tangxue.dto.TomGoodsDto">
  
   select a.*,b.*,c.* from t_goods a 
   LEFT JOIN t_category b on b.id=a.cid 
   LEFT JOIN t_user c on c.id=a.uid
   where 1=1
      <if test="key!= null and key !=''">
       and  a.name like  CONCAT('%',#{key},'%')
      </if>
      <if test="typename != null and typename !=''" >
       and  a.typename = #{typename,jdbcType=VARCHAR}
      </if>
      <if test="address != null and address !=''" >
       and  a.address = #{address,jdbcType=VARCHAR}
      </if>
      <if test="catid != null and catid != 0" >
       and a.cid = #{catid,jdbcType=INTEGER}
      </if> 
      <if test="starttime != null and starttime !=''" >
         <![CDATA[
             and  a.happentime >= #{starttime,jdbcType=TIMESTAMP}
            ]]>
       </if>
       <if test="endtime != null and endtime !=''" >
         <![CDATA[
             and  a.happentime <= #{endtime,jdbcType=TIMESTAMP}
            ]]>
       </if> 
  </select>
  
  <!--获取用户物品 -->
  <select id="selectUserGoodsById" parameterType="map" resultMap="BaseResultMap">
  	select * from t_goods a 
  	where a.uid = #{uid,jdbcType=INTEGER}
  </select>
  <!-- 删除用户物品 -->
  <delete id="deleteUserGoods" parameterType="map">
    delete from t_goods where t_goods.uid = #{uid,jdbcType=INTEGER}
  </delete>
  
  
  
</mapper>