<?xml version="1.0" encoding="UTF-8" ?>
<!DOCTYPE mapper PUBLIC "-//mybatis.org//DTD Mapper 3.0//EN" "http://mybatis.org/dtd/mybatis-3-mapper.dtd" >
<mapper namespace="com.tangxue.mapper.TomReplyMapper" >
  <resultMap id="BaseResultMap" type="com.tangxue.entity.TomReply" >
    <id column="id" property="id" jdbcType="INTEGER" />
    <result column="content" property="content" jdbcType="VARCHAR" />
    <result column="createtime" property="createtime" jdbcType="TIMESTAMP" />
    <result column="gid" property="gid" jdbcType="INTEGER" />
    <result column="uid" property="uid" jdbcType="INTEGER" />
  </resultMap>
  <sql id="Base_Column_List" >
    id, content, createtime, gid, uid
  </sql>
  <select id="selectByPrimaryKey" resultMap="BaseResultMap" parameterType="java.lang.Integer" >
    select 
    <include refid="Base_Column_List" />
    from t_reply
    where id = #{id,jdbcType=INTEGER}
  </select>
  <delete id="deleteByPrimaryKey" parameterType="java.lang.Integer" >
    delete from t_reply
    where id = #{id,jdbcType=INTEGER}
  </delete>
  <insert id="insert" parameterType="com.tangxue.entity.TomReply" >
    insert into t_reply (id, content, createtime, 
      gid, uid)
    values (#{id,jdbcType=INTEGER}, #{content,jdbcType=VARCHAR}, #{createtime,jdbcType=TIMESTAMP}, 
      #{gid,jdbcType=INTEGER}, #{uid,jdbcType=INTEGER})
  </insert>
  <insert id="insertSelective" parameterType="com.tangxue.entity.TomReply" >
    insert into t_reply
    <trim prefix="(" suffix=")" suffixOverrides="," >
      <if test="id != null" >
        id,
      </if>
      <if test="content != null" >
        content,
      </if>
      <if test="createtime != null" >
        createtime,
      </if>
      <if test="gid != null" >
        gid,
      </if>
      <if test="uid != null" >
        uid,
      </if>
    </trim>
    <trim prefix="values (" suffix=")" suffixOverrides="," >
      <if test="id != null" >
        #{id,jdbcType=INTEGER},
      </if>
      <if test="content != null" >
        #{content,jdbcType=VARCHAR},
      </if>
      <if test="createtime != null" >
        #{createtime,jdbcType=TIMESTAMP},
      </if>
      <if test="gid != null" >
        #{gid,jdbcType=INTEGER},
      </if>
      <if test="uid != null" >
        #{uid,jdbcType=INTEGER},
      </if>
    </trim>
  </insert>
  <update id="updateByPrimaryKeySelective" parameterType="com.tangxue.entity.TomReply" >
    update t_reply
    <set >
      <if test="content != null" >
        content = #{content,jdbcType=VARCHAR},
      </if>
      <if test="createtime != null" >
        createtime = #{createtime,jdbcType=TIMESTAMP},
      </if>
      <if test="gid != null" >
        gid = #{gid,jdbcType=INTEGER},
      </if>
      <if test="uid != null" >
        uid = #{uid,jdbcType=INTEGER},
      </if>
    </set>
    where id = #{id,jdbcType=INTEGER}
  </update>
  <update id="updateByPrimaryKey" parameterType="com.tangxue.entity.TomReply" >
    update t_reply
    set content = #{content,jdbcType=VARCHAR},
      createtime = #{createtime,jdbcType=TIMESTAMP},
      gid = #{gid,jdbcType=INTEGER},
      uid = #{uid,jdbcType=INTEGER}
    where id = #{id,jdbcType=INTEGER}
  </update>
  
  <!-- 根据物品id获取回复 -->
  <select id="selectReplyList" parameterType="map"  resultType="com.tangxue.dto.TomReplyDto">
  	select * from t_reply a 
  	LEFT JOIN t_user b on b.id=a.uid 
  	where a.gid =#{id,jdbcType=INTEGER}
  </select>
  
  <!-- 根据用户id获取回复列表 -->
  <select id="selectUserReplyList" parameterType="map" resultMap="BaseResultMap">
  	select * from t_reply a  where a.uid = #{uid,jdbcType=INTEGER}
  </select>
  <!-- 根据用户id删除用户列表 -->
  <delete id="deleteUserReply" parameterType="map">
  	delete from t_reply where t_reply.uid = #{uid,jdbcType=INTEGER}
  </delete>
  
  <!-- 管理端回复管理 -->
  <select id="selectManagerReplyList"  resultType="com.tangxue.dto.TomReplyDto">
  	
  	select * from t_reply a LEFT JOIN t_goods b on b.id=a.gid
  	 LEFT JOIN t_user c on c.id=a.uid

  </select>
  
  
  
</mapper>