<?xml version="1.0" encoding="UTF-8" ?>
<!DOCTYPE mapper PUBLIC "-//mybatis.org//DTD Mapper 3.0//EN" "http://mybatis.org/dtd/mybatis-3-mapper.dtd" >
<mapper namespace="com.tangxue.mapper.TomThanksLetterMapper" >
  <resultMap id="BaseResultMap" type="com.tangxue.entity.TomThanksLetter" >
    <id column="id" property="id" jdbcType="INTEGER" />
    <result column="crearetime" property="crearetime" jdbcType="TIMESTAMP" />
    <result column="info" property="info" jdbcType="VARCHAR" />
    <result column="title" property="title" jdbcType="VARCHAR" />
    <result column="uid" property="uid" jdbcType="INTEGER" />
  </resultMap>
  <sql id="Base_Column_List" >
    id, crearetime, info, title, uid
  </sql>
  <select id="selectByPrimaryKey" resultMap="BaseResultMap" parameterType="java.lang.Integer" >
    select 
    <include refid="Base_Column_List" />
    from t_thanksletter
    where id = #{id,jdbcType=INTEGER}
  </select>
  <delete id="deleteByPrimaryKey" parameterType="java.lang.Integer" >
    delete from t_thanksletter
    where id = #{id,jdbcType=INTEGER}
  </delete>
  <insert id="insert" parameterType="com.tangxue.entity.TomThanksLetter" >
    insert into t_thanksletter (id, crearetime, info, 
      title, uid)
    values (#{id,jdbcType=INTEGER}, #{crearetime,jdbcType=TIMESTAMP}, #{info,jdbcType=VARCHAR}, 
      #{title,jdbcType=VARCHAR}, #{uid,jdbcType=INTEGER})
  </insert>
  <insert id="insertSelective" parameterType="com.tangxue.entity.TomThanksLetter" >
    insert into t_thanksletter
    <trim prefix="(" suffix=")" suffixOverrides="," >
      <if test="id != null" >
        id,
      </if>
      <if test="crearetime != null" >
        crearetime,
      </if>
      <if test="info != null" >
        info,
      </if>
      <if test="title != null" >
        title,
      </if>
      <if test="uid != null" >
        uid,
      </if>
    </trim>
    <trim prefix="values (" suffix=")" suffixOverrides="," >
      <if test="id != null" >
        #{id,jdbcType=INTEGER},
      </if>
      <if test="crearetime != null" >
        #{crearetime,jdbcType=TIMESTAMP},
      </if>
      <if test="info != null" >
        #{info,jdbcType=VARCHAR},
      </if>
      <if test="title != null" >
        #{title,jdbcType=VARCHAR},
      </if>
      <if test="uid != null" >
        #{uid,jdbcType=INTEGER},
      </if>
    </trim>
  </insert>
  <update id="updateByPrimaryKeySelective" parameterType="com.tangxue.entity.TomThanksLetter" >
    update t_thanksletter
    <set >
      <if test="crearetime != null" >
        crearetime = #{crearetime,jdbcType=TIMESTAMP},
      </if>
      <if test="info != null" >
        info = #{info,jdbcType=VARCHAR},
      </if>
      <if test="title != null" >
        title = #{title,jdbcType=VARCHAR},
      </if>
      <if test="uid != null" >
        uid = #{uid,jdbcType=INTEGER},
      </if>
    </set>
    where id = #{id,jdbcType=INTEGER}
  </update>
  <update id="updateByPrimaryKey" parameterType="com.tangxue.entity.TomThanksLetter" >
    update t_thanksletter
    set crearetime = #{crearetime,jdbcType=TIMESTAMP},
      info = #{info,jdbcType=VARCHAR},
      title = #{title,jdbcType=VARCHAR},
      uid = #{uid,jdbcType=INTEGER}
    where id = #{id,jdbcType=INTEGER}
  </update>
  <!-- 获取条数 -->
  <select id="selectThaknksCount" resultType="long">
  	select count(*) from t_thanksletter
  </select>
  <!-- 获取列表 -->
  <select id="selectThanksLetterList" resultType="com.tangxue.dto.TomThanksLetterDto">
 	SELECT * FROM `t_thanksletter` a LEFT JOIN t_user b on a.uid=b.id
  </select>
  
  <!-- 根据用户id获取用户感谢信列表 -->
  <select id="selectThanksList" parameterType="map" resultMap="BaseResultMap">
  	select * from t_thanksletter a where a.uid = #{uid,jdbcType=INTEGER}
  </select>
  <!-- 删除用户感谢信 -->
  <delete id="deleteUserThanks" parameterType="map">
  	delete from t_thanksletter where t_thanksletter.uid = #{uid,jdbcType=INTEGER}
  </delete>
  
  <!-- 感谢信详情 -->
  <select id="selectThanksLetterInfo" parameterType="map" resultType="com.tangxue.dto.TomThanksLetterDto"> 
     SELECT * FROM t_thanksletter a 
	  LEFT JOIN t_user b on b.id=a.uid
	  where a.id = #{id,jdbcType=INTEGER}
  </select>
   
</mapper>
