<?xml version="1.0" encoding="UTF-8" ?>
<!DOCTYPE mapper PUBLIC "-//mybatis.org//DTD Mapper 3.0//EN" "http://mybatis.org/dtd/mybatis-3-mapper.dtd" >
<mapper namespace="com.tangxue.mapper.TomUserMapper" >
  <resultMap id="BaseResultMap" type="com.tangxue.entity.TomUser" >
    <id column="id" property="id" jdbcType="INTEGER" />
    <result column="createtime" property="createtime" jdbcType="TIMESTAMP" />
    <result column="email" property="email" jdbcType="VARCHAR" />
    <result column="password" property="password" jdbcType="VARCHAR" />
    <result column="role" property="role" jdbcType="INTEGER" />
    <result column="userlock" property="userlock" jdbcType="INTEGER" />
    <result column="username" property="username" jdbcType="VARCHAR" />
  </resultMap>
  <sql id="Base_Column_List" >
    id, createtime, email, password, role, userlock, username
  </sql>
  
  <!-- 获取列表 -->
  <select id="getUserList" resultMap="BaseResultMap">
    select 
    <include refid="Base_Column_List" />
    from t_user
  </select>
  
  
  <select id="selectByPrimaryKey" resultMap="BaseResultMap" parameterType="java.lang.Integer" >
    select 
    <include refid="Base_Column_List" />
    from t_user
    where id = #{id,jdbcType=INTEGER}
  </select>
  <delete id="deleteByPrimaryKey" parameterType="java.lang.Integer" >
    delete from t_user
    where id = #{id,jdbcType=INTEGER}
  </delete>
  <insert id="insert" parameterType="com.tangxue.entity.TomUser" >
    insert into t_user (id, createtime, email, 
      password, role, userlock, 
      username)
    values (#{id,jdbcType=INTEGER}, #{createtime,jdbcType=TIMESTAMP}, #{email,jdbcType=VARCHAR}, 
      #{password,jdbcType=VARCHAR}, #{role,jdbcType=INTEGER}, #{userlock,jdbcType=INTEGER}, 
      #{username,jdbcType=VARCHAR})
  </insert>
  <insert id="insertSelective" parameterType="com.tangxue.entity.TomUser" >
    insert into t_user
    <trim prefix="(" suffix=")" suffixOverrides="," >
      <if test="id != null" >
        id,
      </if>
      <if test="createtime != null" >
        createtime,
      </if>
      <if test="email != null" >
        email,
      </if>
      <if test="password != null" >
        password,
      </if>
      <if test="role != null" >
        role,
      </if>
      <if test="userlock != null" >
        userlock,
      </if>
      <if test="username != null" >
        username,
      </if>
    </trim>
    <trim prefix="values (" suffix=")" suffixOverrides="," >
      <if test="id != null" >
        #{id,jdbcType=INTEGER},
      </if>
      <if test="createtime != null" >
        #{createtime,jdbcType=TIMESTAMP},
      </if>
      <if test="email != null" >
        #{email,jdbcType=VARCHAR},
      </if>
      <if test="password != null" >
        #{password,jdbcType=VARCHAR},
      </if>
      <if test="role != null" >
        #{role,jdbcType=INTEGER},
      </if>
      <if test="userlock != null" >
        #{userlock,jdbcType=INTEGER},
      </if>
      <if test="username != null" >
        #{username,jdbcType=VARCHAR},
      </if>
    </trim>
  </insert>
  <update id="updateByPrimaryKeySelective" parameterType="com.tangxue.entity.TomUser" >
    update t_user
    <set >
      <if test="createtime != null" >
        createtime = #{createtime,jdbcType=TIMESTAMP},
      </if>
      <if test="email != null" >
        email = #{email,jdbcType=VARCHAR},
      </if>
      <if test="password != null" >
        password = #{password,jdbcType=VARCHAR},
      </if>
      <if test="role != null" >
        role = #{role,jdbcType=INTEGER},
      </if>
      <if test="userlock != null" >
        userlock = #{userlock,jdbcType=INTEGER},
      </if>
      <if test="username != null" >
        username = #{username,jdbcType=VARCHAR},
      </if>
    </set>
    where id = #{id,jdbcType=INTEGER}
  </update>
  <update id="updateByPrimaryKey" parameterType="com.tangxue.entity.TomUser" >
    update t_user
    set createtime = #{createtime,jdbcType=TIMESTAMP},
      email = #{email,jdbcType=VARCHAR},
      password = #{password,jdbcType=VARCHAR},
      role = #{role,jdbcType=INTEGER},
      userlock = #{userlock,jdbcType=INTEGER},
      username = #{username,jdbcType=VARCHAR}
    where id = #{id,jdbcType=INTEGER}
  </update>
  
  <!-- 获取对象 -->
  <select id="selectBean" resultType="com.tangxue.entity.TomUser">
	  select 
	     *
	  from t_user where  t_user.username='admin' 
	        and t_user.userlock=0
  </select>
  
  <!--登陆查询 -->
  <select id="selectUserByCondition" parameterType="map" resultMap="BaseResultMap">
  	select * from t_user a 
  	 where a.email = #{email,jdbcType=VARCHAR}
  	 and a.password = #{password,jdbcType=VARCHAR}
  	 and a.userlock = 0 
  </select>
  
  <!-- 判断用户是否已经被注册 -->
  <select id="selectByCondition" parameterType="map" resultMap="BaseResultMap">
	select * from t_user a 
  	 where a.email = #{email,jdbcType=VARCHAR}
  	 and a.userlock = 0 
  </select>
  
  <!--根据原密码查询对象  -->
  <select id="selectByOldPwdAndUsername" parameterType="map" resultMap="BaseResultMap">
   select * from t_user a 
  	 where a.password = #{oldpassword,jdbcType=VARCHAR}
  	 and a.username = #{username,jdbcType=VARCHAR}
  </select> 
  
  
  
  
  <!-- 管理端登陆 -->
  <select id="selectManagerUser" parameterType="map" resultMap="BaseResultMap">
   select * from t_user a 
  	 where a.email = #{email,jdbcType=VARCHAR}
  	 and a.password = #{password,jdbcType=VARCHAR}
  	 and a.userlock = 0 and a.role=1
  </select>
  
  <!-- 管理端获取原对象 -->
  <select id="selectUserByOldPwdAndEmail" parameterType="map" resultMap="BaseResultMap">
  	select * from t_user a 
  	 where a.email = #{email,jdbcType=VARCHAR}
  	 and a.password = #{oldpassword,jdbcType=VARCHAR}
  	 and a.userlock = 0 and a.role=1
  </select>
  
  
  <!-- 管理端获取用户列表 -->
  <select id="selectManagerUserList" parameterType="map" resultMap="BaseResultMap">
	select * from t_user a where 1=1
      <if test="email != null and email !=''">
       	and a.email like  CONCAT('%',#{email},'%')
      </if>
      <if test="role != null and role !='' and role > 0" >
       	and a.role = #{role,jdbcType=INTEGER}
      </if>
  </select>
  
  <!-- 管理端添加用户看是否存在 -->
  <select id="selectUserByConditions" parameterType="map" resultMap="BaseResultMap">
  	 select * from t_user a where 1=1
		 and a.email = #{email,jdbcType=VARCHAR}
	 	 and a.username = #{username,jdbcType=VARCHAR}
  </select>
  
  
  
</mapper>